<?xml version="1.0"?>
<class>

<student rollno="393">
<firstname>sandeep</firstname>
<lastname>kad</lastname>
<nickname>dinkar</nickname>
<marks>85</marks>
<marks>95</marks>
</student>

<student rollno="493">
<firstname>Vaneet</firstname>
<lastname>Gupta</lastname>
<nickname>vinni</nickname>
<marks>95</marks>
<marks>99</marks>
</student>

<student rollno="593">
<firstname>jasvir</firstname>
<lastname>singn</lastname>
<nickname>jazz</nickname>
<marks>90</marks>
<marks>96</marks>

<student rollno="393">
<firstname>sandeep</firstname>
<lastname>kad</lastname>
<nickname>dinkar</nickname>
<marks>85</marks>
<marks>95</marks>
</student>

<student rollno="393">
<firstname>sandeep</firstname>
<lastname>kad</lastname>
<nickname>dinkar</nickname>
<marks>85</marks>
<marks>95</marks>
</student>
</student>
</class>